resume_id,resume_text_placeholder,annotator_id,annotation_date,annotated_skills,annotated_education,annotated_experience_years,annotated_projects,annotated_certifications,annotation_notes
competition-resume-0001,,,,,,,,,
competition-resume-0002,,,,,,,,,
competition-resume-0003,,,,,,,,,
competition-resume-0004,,,,,,,,,
competition-resume-0005,,,,,,,,,
competition-resume-0006,,,,,,,,,
competition-resume-0007,,,,,,,,,
competition-resume-0008,,,,,,,,,
competition-resume-0009,,,,,,,,,
competition-resume-0010,,,,,,,,,
competition-resume-0011,,,,,,,,,
competition-resume-0012,,,,,,,,,
competition-resume-0013,,,,,,,,,
competition-resume-0014,,,,,,,,,
competition-resume-0015,,,,,,,,,
competition-resume-0016,,,,,,,,,
competition-resume-0017,,,,,,,,,
competition-resume-0018,,,,,,,,,
competition-resume-0019,,,,,,,,,
competition-resume-0020,,,,,,,,,
competition-resume-0021,,,,,,,,,
competition-resume-0022,,,,,,,,,
competition-resume-0023,,,,,,,,,
competition-resume-0024,,,,,,,,,
competition-resume-0025,,,,,,,,,
competition-resume-0026,,,,,,,,,
competition-resume-0027,,,,,,,,,
competition-resume-0028,,,,,,,,,
competition-resume-0029,,,,,,,,,
competition-resume-0030,,,,,,,,,
